experiment_id,timestamp,preprocessing,feature_type,ngram_range,model,hyperparameters,accuracy,macro_f1,weighted_f1,training_time,notes
PREP-minimal,2026-10-05T11:15:04.574868,minimal,tfidf,"(1,2)",LogisticRegression,{'C': 1.0},0.629,0.5521,0.6015,8.77,"Preprocessing experiment, vocab=10000"
PREP-stopwords_removed,2026-10-05T11:15:17.058810,stopwords_removed,tfidf,"(1,2)",LogisticRegression,{'C': 1.0},0.6344,0.5586,0.608,12.48,"Preprocessing experiment, vocab=10000"
PREP-lemmatized,2026-10-05T11:15:33.215015,lemmatized,tfidf,"(1,2)",LogisticRegression,{'C': 1.0},0.6237,0.546,0.5946,16.16,"Preprocessing experiment, vocab=10000"
PREP-full_clean,2026-10-05T11:15:49.919585,full_clean,tfidf,"(1,2)",LogisticRegression,{'C': 1.0},0.6344,0.5584,0.6069,16.7,"Preprocessing experiment, vocab=10000"
CML-MultinomialNB,2026-10-05T11:16:02.692054,stopwords_removed,tfidf,"(1, 2)",MultinomialNB,"{'C': 'N/A', 'class_weight': 'N/A'}",0.5242,0.4354,0.4762,0.03,
CML-LogisticRegression,2026-10-05T11:16:04.024781,stopwords_removed,tfidf,"(1, 2)",LogisticRegression,"{'C': 1.0, 'class_weight': 'balanced'}",0.6425,0.5874,0.6232,1.32,
CML-LogisticRegression_nobalance,2026-10-05T11:16:05.458556,stopwords_removed,tfidf,"(1, 2)",LogisticRegression_nobalance,"{'C': 1.0, 'class_weight': None}",0.621,0.5455,0.594,1.42,
CML-LinearSVC,2026-10-05T11:16:06.079497,stopwords_removed,tfidf,"(1, 2)",LinearSVC,"{'C': 1.0, 'class_weight': 'balanced'}",0.6909,0.6252,0.6689,0.61,
CML-LinearSVC_nobalance,2026-10-05T11:16:06.698608,stopwords_removed,tfidf,"(1, 2)",LinearSVC_nobalance,"{'C': 1.0, 'class_weight': None}",0.6801,0.616,0.6594,0.61,
CML-LinearSVC-tfidf_uni,2026-10-05T11:16:07.911352,stopwords_removed,tfidf,"(1, 1)",LinearSVC,{},0.6962,0.6349,0.6774,0.35,
CML-LinearSVC-tfidf_uni_bi_tri,2026-10-05T11:16:15.127824,stopwords_removed,tfidf,"(1, 3)",LinearSVC,{},0.6774,0.6142,0.6585,0.69,
TUNE-C0.1,2026-10-05T11:16:15.541948,stopwords_removed,tfidf,"(1, 2)",LinearSVC,{'C': 0.1},0.6425,0.5658,0.6075,0.4,C-tuning
TUNE-C0.5,2026-10-05T11:16:16.038303,stopwords_removed,tfidf,"(1, 2)",LinearSVC,{'C': 0.5},0.6801,0.6154,0.6588,0.49,C-tuning
TUNE-C5.0,2026-10-05T11:16:16.917356,stopwords_removed,tfidf,"(1, 2)",LinearSVC,{'C': 5.0},0.6935,0.6282,0.6723,0.87,C-tuning
TUNE-C10.0,2026-10-05T11:16:17.973288,stopwords_removed,tfidf,"(1, 2)",LinearSVC,{'C': 10.0},0.6935,0.6282,0.6723,1.05,C-tuning
DL-LSTM,2026-10-05T11:24:36.613188,stopwords_removed,word2vec_lstm,N/A,BiLSTM,"{'emb_dim': 128, 'lstm_units': [128, 64], 'dropout': 0.3, 'batch_size': 64}",0.6649,0.5947,0.6435,466.0,Word2Vec + BiLSTM with class weights
