resume_id,actual,predicted,text_preview,text_length,possible_cause
25497147,FINANCE,ACCOUNTANT,"         FINANCE ACCOUNTANT       Summary    Staff Accountant proficient flexible who adapts seamlessly to constantly evolving accounting
processes and technology.  Adept at budget forecasting, financ",637,Possible mislabeled sample
35571205,APPAREL,CONSTRUCTION,"         GROCERY CLERK         Experience      Grocery Clerk  ,     07/2012  
                            to
                          05/2014     Company Name   –   City  
                           ",1091,Possible mislabeled sample
18072085,FINANCE,ACCOUNTANT,"         FINANCE ASSISTANT           Summary    Accurate, Alert, Ambitious, Analytical, Articulate, Efficient, Dependable, Responsible, People-Oriented, Honest, Independent and Hardworking. Integrity,",902,Possible mislabeled sample
34033933,TEACHER,HEALTHCARE,"         SUBSTITUTE TEACHER         Summary    HEALTH ADMINISTRATION HOSPITAL OPERATIONS PUBLIC SERVICE major. An intelligent, enthusiastic young professional with a progressive career in healthcare a",651,Possible mislabeled sample
49777184,CONSULTANT,BUSINESS-DEVELOPMENT,         MANAGEMENT CONSULTANT       Summary     Human capital manager and operations strategist who works with cross-functional teams to translate organizational values and objectives into actions th,964,Possible mislabeled sample
46055835,ARTS,TEACHER,         6 - 8 LANGUAGE ARTS GRADE TEACHER         Summary     Enthusiastic Language Arts educator seeking growth as an education specialist within a school that is dedicated to the academic and socio,643,Possible mislabeled sample
21568833,CONSULTANT,ACCOUNTANT,"         CONSULTANT       Summary    Position in Accounting/Regulatory or banking operations      Highlights        Microsoft Office, Lotus Notes, QuickBooks, ACBS, BCS, OTG, AP, RECON+, FMS (G/L Syst",714,Possible mislabeled sample
12144825,AVIATION,ENGINEERING,         SOFTWARE ENGINEERING CO-OP       Summary    Highly skilled  and Accomplished computer software specialist with more than 7+ years of technical experience in programming development across mul,530,Possible mislabeled sample
17823436,BANKING,CONSULTANT,"       BUSINESS ANALYST SR. TECHNICAL BUSINESS ANALYST         Highlights          C, C++, core java  Back Ends			: Oracle 9i, 10g, 11gRII,MS SQL Server-2005,IBM DB2  Computer Tech.		: UML  Web Design",1049,Possible mislabeled sample
10464113,SALES,BUSINESS-DEVELOPMENT,         SALES EXECUTIVE       Summary     Sales and Customer Service Professional with proven record of accomplishment growing client list and maintaining existing clients.  Delivered consistent gain,937,Possible mislabeled sample
17584743,DIGITAL-MEDIA,PUBLIC-RELATIONS,         OWNER/PRESIDENT           Professional Profile    A seasoned marketing professional who delivers results in alignment with strategic business plans by developing and executing marketing campa,722,Possible mislabeled sample
36149549,ENGINEERING,CONSTRUCTION,"         ENGINEERING PROJECT MANAGER       Summary    Seeking long term employment where my experience, expertise, and education can be used to satisfy the needs of the company, as well as provide opp",637,Possible mislabeled sample
79376680,SALES,ARTS,"         SALES       Summary     When thinking of the timeline of my career, numerous bullet points come to mind.  Whether it be a skill or achievement that I can bring to the table,  there is one com",799,Possible mislabeled sample
28176889,CHEF,TEACHER,         FOOD SERVER       Professional Summary     Hardworking professional with a history of exceeding expectations and delivering quantifiable results. Known for boosting company morale by fosterin,405,Possible mislabeled sample
13727873,PUBLIC-RELATIONS,HR,"         MARKET ANALYST PROMOTED TO ASSISTANT DIRECTOR OF BRAND STRATEGY       Professional Summary    Dear Cristina and team,
The second I found out about this position, my I found myself extremely e",1454,Possible mislabeled sample
17658471,FITNESS,TEACHER,         AVID TUTOR         Core Qualifications          Academic planning  Goal setting and implementation  Counseling  Group instruction       Microsoft office  Public speaking  Attention to detail ,684,Possible mislabeled sample
36102323,AGRICULTURE,ADVOCATE,         RESEARCH MOLECULAR/RESEARCH  MICROBIOLOGIST/RESEARCH ECOLOGIST (RESEARCH ASSOCIATE)       Professional Summary     Fully credentialed LPN with experience providing compassionate care in a hos,1072,Possible mislabeled sample
35603950,APPAREL,HR,"         ASSISTANT STORE MANAGER OF OPERATIONS AND HUMAN RESOURCES         Highlights          SKILLS / STRENGTHS Computer  Peoplesoft, Kronos payroll management system, Microsoft Word, Excel, Access,",925,Possible mislabeled sample
30344127,APPAREL,ENGINEERING,"         SENIOR MATERIALS ANALYST       Summary    Requirements for this position include: Bachelor's Degree in Business, Management, or related field Minimum 5 years' directly relevant work or relate",950,Possible mislabeled sample
22455205,PUBLIC-RELATIONS,FINANCE,"         MANAGER         Professional Summary    Talented individual with a educational background in Economics from the University of California Irvine, seeks a career in the financial sector. Extens",683,Possible mislabeled sample
18227306,CONSULTANT,BUSINESS-DEVELOPMENT,"         CONSULTANT               Experience      Consultant    January 2012       Company Name   －   City  ,   State      Provided programmatic and operational support for audit readiness engagement ",738,Possible mislabeled sample
19951766,CHEF,SALES,"         TABLE GAMES DEALER           Summary    Throughout the years, I've been trained to give only the best service and customer care. It is not only about doing the job right, but to make sure the",764,Possible mislabeled sample
14945250,DIGITAL-MEDIA,BUSINESS-DEVELOPMENT,"         DIGITAL MEDIA CONSULTANT       Summary     Dynamic and results-driven Outside Sales and Territory Manager with over 15 years of successful new business development, competitive market share e",1085,Possible mislabeled sample
26994282,SALES,CONSTRUCTION,         SALES       Professional Summary    Talented Construction Manager with more than twenty years of success on various projects as an Independent Contractor. Solid experience managing all levels,674,Possible mislabeled sample
74236636,ENGINEERING,CONSTRUCTION,         ENGINEERING INTERN         Summary    To contribute my skills and experience to the further the development of an organization and achieve growth in my professional career path.      Educatio,777,Possible mislabeled sample
19936735,CONSULTANT,DIGITAL-MEDIA,"         CONSULTANT           Executive Profile     Broadcast Management, Media Sales, Radio Station Programming and On-Air Broadcast execution is where my success has been the most dominate.       Sk",278,Possible mislabeled sample
25157655,ARTS,SALES,"         INSIDE ACCOUNT MANAGER         Summary     Inside Account Manager with eight years experience at SHI to fill Inside Sales Team Manager position. Strong organizational, analytical, problem res",244,Possible mislabeled sample
14879257,ARTS,TEACHER,"         BILINGUAL LANGUAGE ARTS SIXTH GRADE TEACHER       Summary    Dedicated and enthusiastic professional with over four years' experience in education. Proven
expertise in establishing rapport an",660,Possible mislabeled sample
33344933,ARTS,TEACHER,"         SIXTH GRADE ENGLISH LANGUAGE ARTS TEACHER       Profile     Middle School/Secondary Teacher committed to nurturing and inspiring students to explore, define and transform their world.  Throug",941,Possible mislabeled sample
24967652,FINANCE,SALES,"         MANAGER OF FINANCE         Professional Summary    Highly motivated individual with demonstrated proficiency in listening to clients needs, and formulating the tactical plan to achieve the be",1240,Possible mislabeled sample
