resume_id,actual,predicted,text_preview,text_length,confidence,possible_cause
17189156,BANKING,BUSINESS-DEVELOPMENT,         BUSINESS BANKING SPECIALIST       Summary    Top-performing professional with over 6 years experience in banking and finance. Seeking to take the next step in my career as a Regional Banking ,780,0.35069093108177185,Class overlap or insufficient features
35571205,APPAREL,AUTOMOBILE,"         GROCERY CLERK         Experience      Grocery Clerk  ,     07/2012  
                            to
                          05/2014     Company Name   –   City  
                           ",1091,0.2216823399066925,Low confidence / generic resume
15499825,HEALTHCARE,INFORMATION-TECHNOLOGY,"         HEALTH INFORMATION SPECIALIST       Summary    Highly efficient, detail oriented HIM Specialist with extensive experience in all types of request relating to release of information and medica",648,0.47589564323425293,Class overlap or insufficient features
18172739,BANKING,CONSULTANT,"         PROJECT ANALYST           Summary     Business Analyst versed in data mapping and user acceptance testing, as well as solving complex problems in high-pressure environments. Excels at cultiva",404,0.20364609360694885,Low confidence / generic resume
17983430,AVIATION,ADVOCATE,"         CUSTOMER SERVICE REPRESENTATIVE       Career Focus    Dedicated and skilled cash administrator who
excels at prioritizing, and completing multiple tasks simultaneously. Committed
to deliverin",660,0.15095019340515137,Low confidence / generic resume
12613221,HEALTHCARE,ADVOCATE,"         SLEEP TECHNOLOGIST, RPSGT       Summary    Healthcare professional with more than ten years' experience seeking an opportunity where I can utilize my skills and knowledge in multiple healthca",437,0.1372218132019043,Low confidence / generic resume
21134923,AGRICULTURE,ARTS,"         FELLOW: CREATING LIVELIHOODS VIA AGRICULTURE PROJECT, VOLUNTEERING FOR INTERNATIONAL PROFESSIONALS       Summary     More than nine years of professional experience in a multidisciplinary/int",709,0.2628110945224762,Low confidence / generic resume
46055835,ARTS,TEACHER,         6 - 8 LANGUAGE ARTS GRADE TEACHER         Summary     Enthusiastic Language Arts educator seeking growth as an education specialist within a school that is dedicated to the academic and socio,643,0.5578309297561646,Class overlap or insufficient features
17659053,APPAREL,ADVOCATE,         CUSTOMER SERVICE SPECIALIST       Summary     Detail-oriented individual with strong technical skills and the ability to learn concepts quickly.  Proficient and adaptable; looking for an oppo,921,0.3662116527557373,Class overlap or insufficient features
14910300,PUBLIC-RELATIONS,BANKING,"         TAX COLLECTOR OFFICER       Professional Summary     Entrepreneurial Marketing Officer  passionate about building productive relationships with clients, partners and team members. New custome",658,0.13573597371578217,Low confidence / generic resume
12144825,AVIATION,ENGINEERING,         SOFTWARE ENGINEERING CO-OP       Summary    Highly skilled  and Accomplished computer software specialist with more than 7+ years of technical experience in programming development across mul,530,0.9528747200965881,Possible mislabeled sample
19444529,DIGITAL-MEDIA,ARTS,"         VIDEOGRAPHER       Professional Profile    Creative individual seeking an Associate Editor position
with American Greetings to utilize writing and editing skills to create
innovative and tren",791,0.1654227375984192,Low confidence / generic resume
17823436,BANKING,BUSINESS-DEVELOPMENT,"       BUSINESS ANALYST SR. TECHNICAL BUSINESS ANALYST         Highlights          C, C++, core java  Back Ends			: Oracle 9i, 10g, 11gRII,MS SQL Server-2005,IBM DB2  Computer Tech.		: UML  Web Design",1049,0.6888255476951599,Class overlap or insufficient features
18885767,ARTS,TEACHER,"         DIRECTOR OF THEATER         Highlights          Edline, Google Classroom, Canvas,  Blackboard  for performing arts events. Images routinely used by Communications  Photography  offices at Epi",844,0.2129945456981659,Low confidence / generic resume
34419403,AVIATION,AUTOMOBILE,"         CONCIERGE/DOORMAN       Summary    Experience working in concierge, military, general office, international & domestic shipping. Excellent interpersonal communication, customer service, and o",379,0.2286834418773651,Low confidence / generic resume
17584743,DIGITAL-MEDIA,BPO,         OWNER/PRESIDENT           Professional Profile    A seasoned marketing professional who delivers results in alignment with strategic business plans by developing and executing marketing campa,722,0.18230517208576202,Low confidence / generic resume
55500538,AGRICULTURE,CONSTRUCTION,"           FEMA VACCINE DISTRIBUTION         Professional Summary     Committed to sustainable community development and fighting climate change, bringing 5 years of outdoor and forestry experience an",758,0.20844708383083344,Low confidence / generic resume
28176889,CHEF,AUTOMOBILE,         FOOD SERVER       Professional Summary     Hardworking professional with a history of exceeding expectations and delivering quantifiable results. Known for boosting company morale by fosterin,405,0.13548356294631958,Low confidence / generic resume
13727873,PUBLIC-RELATIONS,BANKING,"         MARKET ANALYST PROMOTED TO ASSISTANT DIRECTOR OF BRAND STRATEGY       Professional Summary    Dear Cristina and team,
The second I found out about this position, my I found myself extremely e",1454,0.19501478970050812,Low confidence / generic resume
17658471,FITNESS,TEACHER,         AVID TUTOR         Core Qualifications          Academic planning  Goal setting and implementation  Counseling  Group instruction       Microsoft office  Public speaking  Attention to detail ,684,0.26532796025276184,Low confidence / generic resume
34783330,BANKING,SALES,"         SALES & SERVICE ASSOCIATE       Summary     To secure an accounting position with an organization that will utilize my strong educational background and professional experience, while providi",877,0.7862960696220398,Class overlap or insufficient features
96761538,FITNESS,ARTS,         KIDS CLUB ATTENDANT       Summary     Reliable and friendly  Customer Service and Sales Associate  who quickly learns and masters new concepts and skills. Passionate about helping customers a,283,0.294155478477478,Low confidence / generic resume
98309114,HEALTHCARE,ADVOCATE,"         DIRECTOR, QUALITY IMPROVEMENT NETWORK FACILITATION           Professional Background    Highly accomplished registered- nurse with more than 20 years of experience in clinical nursing, manage",1589,0.16544365882873535,Low confidence / generic resume
36102323,AGRICULTURE,ADVOCATE,         RESEARCH MOLECULAR/RESEARCH  MICROBIOLOGIST/RESEARCH ECOLOGIST (RESEARCH ASSOCIATE)       Professional Summary     Fully credentialed LPN with experience providing compassionate care in a hos,1072,0.2797188460826874,Low confidence / generic resume
35603950,APPAREL,HEALTHCARE,"         ASSISTANT STORE MANAGER OF OPERATIONS AND HUMAN RESOURCES         Highlights          SKILLS / STRENGTHS Computer  Peoplesoft, Kronos payroll management system, Microsoft Word, Excel, Access,",925,0.15235112607479095,Low confidence / generic resume
30344127,APPAREL,AVIATION,"         SENIOR MATERIALS ANALYST       Summary    Requirements for this position include: Bachelor's Degree in Business, Management, or related field Minimum 5 years' directly relevant work or relate",950,0.2859214246273041,Low confidence / generic resume
22455205,PUBLIC-RELATIONS,CONSULTANT,"         MANAGER         Professional Summary    Talented individual with a educational background in Economics from the University of California Irvine, seeks a career in the financial sector. Extens",683,0.17509835958480835,Low confidence / generic resume
19951766,CHEF,ARTS,"         TABLE GAMES DEALER           Summary    Throughout the years, I've been trained to give only the best service and customer care. It is not only about doing the job right, but to make sure the",764,0.27949103713035583,Low confidence / generic resume
52684666,FITNESS,ADVOCATE,         CARE COORDINATOR         Professional Summary    A position as a Registered Nurse working with adults in a setting that will allow me to use both my nutrition and nursing education to provide,937,0.34569722414016724,Class overlap or insufficient features
29061628,CONSTRUCTION,AUTOMOBILE,"         CUSTOMER SERVICE REPRESENTATIVE          PRESENT           Accomplishments      ADOT Highway plans reading
ADOT Pen Computer System Training
ATTI Field Asphalt, Soil/Agg.  14135F ACT
Building",328,0.23293671011924744,Low confidence / generic resume
